OrderID,OrderName,Username,Status
ORD-001,Order Edge,miranda56,preparing
ORD-002,Order Science,fmartinez,requested
ORD-003,Order Play,barbaramccoy,delivered
ORD-004,Order Marriage,xwilson,delivering
ORD-005,Order Charge,twilson,preparing
ORD-006,Order Hair,noblekara,delivered
ORD-007,Order Seek,williamssara,delivering
ORD-008,Order Billion,davidwilliams,requested
ORD-009,Order Spring,lewislouis,delivering
ORD-010,Order Really,simsjennifer,requested
434io33,gabal,serial_killer_90,requested
